document_id,filename,insurer,plan_name,source_url,uin_match,confidence,review_status,notes
pending_hash:NewIndia_Tertiary_Care.pdf,NewIndia_Tertiary_Care.pdf,New_India_Assurance,,website,NIAHLIP25041V032425,,,status_unset
pending_hash:Star_ASSY_updated_26_12_2023.pdf,Star_ASSY_updated_26_12_2023.pdf,Star_Health,,website,SHAPAGP24057V012324,,,status_unset
pending_hash:Star_Health_Star_Group_Health_Insurance_for_Bank_Customers.pdf,Star_Health_Star_Group_Health_Insurance_for_Bank_Customers.pdf,Star_Health,,website,SHAHLGP191,,,status_unset
pending_hash:Star_Policy_Arogya_Sanjeevani_Insurance_Policy.pdf,Star_Policy_Arogya_Sanjeevani_Insurance_Policy.pdf,Star_Health,,website,SHAHLIP26045V042526,,,status_unset
pending_hash:Star_Policy_Diabetes_Safe_Insurance_Policy.pdf,Star_Policy_Diabetes_Safe_Insurance_Policy.pdf,Star_Health,,website,SHAHLIP23081V082223,,,status_unset
pending_hash:Star_Policy_Family_Health_Optima_Accident_Care_Policy.pdf,Star_Policy_Family_Health_Optima_Accident_Care_Policy.pdf,Star_Health,,website,SHAHLIP23170V062223,,,status_unset
pending_hash:Star_Policy_Family_Health_Optima_Insurance_Plan.pdf,Star_Policy_Family_Health_Optima_Insurance_Plan.pdf,Star_Health,,website,SHAHLIP26046V092526,,,status_unset
pending_hash:Star_Policy_Medi_Classic_Accident_Care_Individual_Insurance_PolicyWeb.pdf,Star_Policy_Medi_Classic_Accident_Care_Individual_Insurance_PolicyWeb.pdf,Star_Health,,website,SHAHLIP23079V062223,,,status_unset
pending_hash:Star_Policy_Medi_Classic_Insurance_Policy_Individual.pdf,Star_Policy_Medi_Classic_Insurance_Policy_Individual.pdf,Star_Health,,website,SHAHLIP26047V092526,,,status_unset
pending_hash:Star_Policy_POS_Accident_Care_Individual_Insurance_Policy.pdf,Star_Policy_POS_Accident_Care_Individual_Insurance_Policy.pdf,Star_Health,,website,SHAHPAIP18070V031718,,,status_unset
pending_hash:Star_Policy_Senior_Citizens_Red_Carpet_Policy.pdf,Star_Policy_Senior_Citizens_Red_Carpet_Policy.pdf,Star_Health,,website,SHAHLIP26041V082526,,,status_unset
pending_hash:Star_Policy_Smart_Health_Pro.pdf,Star_Policy_Smart_Health_Pro.pdf,Star_Health,,website,SHAHLIP23172V012223,,,status_unset
pending_hash:Star_Policy_Special_Care_Gold.pdf,Star_Policy_Special_Care_Gold.pdf,Star_Health,,website,SHAHLIP23182V012223,,,status_unset
pending_hash:Star_Policy_Star_Comprehensive_Insurance_Policy.pdf,Star_Policy_Star_Comprehensive_Insurance_Policy.pdf,Star_Health,,website,SHAHLIP26044V092526,,,status_unset
pending_hash:Star_Policy_Star_Domestic_Travel_Insurance_PolicyWeb.pdf,Star_Policy_Star_Domestic_Travel_Insurance_PolicyWeb.pdf,Star_Health,,website,SHATIDP23122V012223,,,status_unset
pending_hash:Star_Policy_Star_Extra_Protect_Add_on_Cover.pdf,Star_Policy_Star_Extra_Protect_Add_on_Cover.pdf,Star_Health,,website,SHAHLIA23061V012223,,,status_unset
pending_hash:Star_Policy_Star_FlexiAll_covers_14_05_25.pdf,Star_Policy_Star_FlexiAll_covers_14_05_25.pdf,Star_Health,,website,SHAHLIA26040V012526,,,status_unset
pending_hash:Star_Policy_Star_Health_Assure_Insurance_Policy.pdf,Star_Policy_Star_Health_Assure_Insurance_Policy.pdf,Star_Health,,website,SHAHLIP26048V032526,,,status_unset
pending_hash:Star_Policy_Star_Special_Care_Platinum.pdf,Star_Policy_Star_Special_Care_Platinum.pdf,Star_Health,,website,SHAHLIP26042V012526,,,status_unset
pending_hash:Star_Policy_Star_Women_Care_Insurance_Policy.pdf,Star_Policy_Star_Women_Care_Insurance_Policy.pdf,Star_Health,,website,SHAHLIP23132V022223,,,status_unset
pending_hash:Star_Policy_Super_Star.pdf,Star_Policy_Super_Star.pdf,Star_Health,,website,SHAHLIP27049V022627,,,status_unset
pending_hash:Star_Policy_Wordings_Ayushman_Bharat.pdf,Star_Policy_Wordings_Ayushman_Bharat.pdf,Star_Health,,website_policy_wording,SHAHGSP20026V011920,,,status_unset
pending_hash:Star_Policy_Young_Star_Extra_Protect_Add_on_Cover.pdf,Star_Policy_Young_Star_Extra_Protect_Add_on_Cover.pdf,Star_Health,,website,SHAHLIA23171V012223,,,status_unset
pending_hash:Star_Policy_Young_Star_Insurance_Policy.pdf,Star_Policy_Young_Star_Insurance_Policy.pdf,Star_Health,,website,SHAHLIP26043V062526,,,status_unset
pending_hash:Star_Privilege_Group_Health_Insurance.pdf,Star_Privilege_Group_Health_Insurance.pdf,Star_Health,,website,SHAHLGP21268V0122021,,,status_unset
pending_hash:Star_SGHI_Benefit_Plus_Platinum_Policy_Wordings_27_9_2024.pdf,Star_SGHI_Benefit_Plus_Platinum_Policy_Wordings_27_9_2024.pdf,Star_Health,,website_policy_wording,SHAHLGP23146V012223,,,status_unset
pending_hash:Star_Star_Group_Domestic_Travel_Insurance_Policy.pdf,Star_Star_Group_Domestic_Travel_Insurance_Policy.pdf,Star_Health,,website,SHATGDP23117V012223,,,status_unset
pending_hash:Star_Star_Group_Hospital_Cash_Insurance_Policy_Clause.pdf,Star_Star_Group_Hospital_Cash_Insurance_Policy_Clause.pdf,Star_Health,,website,SHAHLGP029V011920,,,status_unset
pending_hash:Star_Star_Group_Novel_Coronavirus_n_CoCOVID_19_Insurance_Policy_Indemnity_Plan.pdf,Star_Star_Group_Novel_Coronavirus_n_CoCOVID_19_Insurance_Policy_Indemnity_Plan.pdf,Star_Health,,website,SHAHLGP21003V012021,,,status_unset
pending_hash:Star_Star_Group_Novel_Coronavirus_n_CoCOVID_19_Insurance_Policy_Lump_Sum_Plan.pdf,Star_Star_Group_Novel_Coronavirus_n_CoCOVID_19_Insurance_Policy_Lump_Sum_Plan.pdf,Star_Health,,website,SHAHLGP21003V012021,,,status_unset
pending_hash:Star_Star_Group_OPD_Care_Policy_Wording_27_9_2024.pdf,Star_Star_Group_OPD_Care_Policy_Wording_27_9_2024.pdf,Star_Health,,website_policy_wording,SHAHLGP24144V012324,,,status_unset
pending_hash:Star_Star_Group_Overseas_Travel_Insurance_Policy.pdf,Star_Star_Group_Overseas_Travel_Insurance_Policy.pdf,Star_Health,,website,SHATGOP20032V011920,,,status_unset
pending_hash:Star_Star_Group_Top_Up.pdf,Star_Star_Group_Top_Up.pdf,Star_Health,,website,SHAHLGP21567V012021,,,status_unset
pending_hash:Care_Supreme_Policy.pdf,Care_Supreme_Policy.pdf,Care_Health,,website,CHIHLIP23128V012223,,,status_unset
pending_hash:care---policy-terms-&-conditions-(effective-from-21-march-2026).pdf,care---policy-terms-&-conditions-(effective-from-21-march-2026).pdf,Care_Health,,website,CHIHLIP26055V092526,,,status_unset
pending_hash:care-advanced-policy-terms-&-conditions-(effective-from-16-april-2026).pdf,care-advanced-policy-terms-&-conditions-(effective-from-16-april-2026).pdf,Care_Health,,website,CHIHLIA27059V022627,,,status_unset
pending_hash:care-advantage---policy-terms-&-condition-(effective-from-02-may-2025).pdf,care-advantage---policy-terms-&-condition-(effective-from-02-may-2025).pdf,Care_Health,,website,CHIHLIP26049V042526,,,status_unset
pending_hash:care-classic---policy-terms--conditions-(effective-from-09-april-2025-).pdf,care-classic---policy-terms--conditions-(effective-from-09-april-2025-).pdf,Care_Health,,website,CHIHLIP26048V022526,,,status_unset
pending_hash:care-freedom----t&c-(effective-from-3-september-2025-).pdf,care-freedom----t&c-(effective-from-3-september-2025-).pdf,Care_Health,,website,CHIHLIP26052V032526,,,status_unset
pending_hash:care-heart---policy-terms-and-conditions-(effective-from-03-september-2025).pdf,care-heart---policy-terms-and-conditions-(effective-from-03-september-2025).pdf,Care_Health,,website,CHIHLIP26053V032526,,,status_unset
pending_hash:care-opd---policy-t&c.pdf,care-opd---policy-t&c.pdf,Care_Health,,website,CHIHLIA23060V012223,,,status_unset
pending_hash:care-saksham----t&c-(effective-from-12-september-2024-).pdf,care-saksham----t&c-(effective-from-12-september-2024-).pdf,Care_Health,,website,CHIHLIP23186V012223,,,status_unset
pending_hash:care-shield---add-on----t&c-(effective-from-8-august-2025).pdf,care-shield---add-on----t&c-(effective-from-8-august-2025).pdf,Care_Health,,website,CHIHLIA26054V022526,,,status_unset
pending_hash:care-supreme---policy-terms-&-conditions-(effective-from-29-april-2026).pdf,care-supreme---policy-terms-&-conditions-(effective-from-29-april-2026).pdf,Care_Health,,website,CHIHLIP27061V032627,,,status_unset
pending_hash:explore-(travel-insurance-product)---policy-terms-&-conditions-(effective-from-19-nov-2025).pdf,explore-(travel-insurance-product)---policy-terms-&-conditions-(effective-from-19-nov-2025).pdf,Care_Health,,website,CHITIOP26051V042526,,,status_unset
pending_hash:explore-advantage---policy-terms-and-conditions.pdf,explore-advantage---policy-terms-and-conditions.pdf,Care_Health,,website,CHITIOA24133V012324,,,status_unset
pending_hash:explore-protect-plus--policy-terms-and-conditions.pdf,explore-protect-plus--policy-terms-and-conditions.pdf,Care_Health,,website,CHITGOA23168V012223,,,status_unset
pending_hash:extra-care----policy-terms-and-conditions.pdf,extra-care----policy-terms-and-conditions.pdf,Care_Health,,website,CHIHLIA24167V012324,,,status_unset
pending_hash:grameen-care-plus----micro-insurance-product---t&c-(effective-prior-to-29-september-2024).pdf,grameen-care-plus----micro-insurance-product---t&c-(effective-prior-to-29-september-2024).pdf,Care_Health,,website,CHIHMGP25039V022425,,,status_unset
pending_hash:group-care---policy-terms-and-conditions-(effective-from-29-september-2024-).pdf,group-care---policy-terms-and-conditions-(effective-from-29-september-2024-).pdf,Care_Health,,website,CHIHLGP25041V032425,,,status_unset
pending_hash:group-care-360˚---policy-terms-and-conditions-(effective-from-30-january-2026-).pdf,group-care-360˚---policy-terms-and-conditions-(effective-from-30-january-2026-).pdf,Care_Health,,website,CHIHLGP26057V032526,,,status_unset
pending_hash:group-care-360˚-plus---policy-terms-and-conditions.pdf,group-care-360˚-plus---policy-terms-and-conditions.pdf,Care_Health,,website,CHIHLGA24170V012324,,,status_unset
pending_hash:group-global-care---policy-terms-and-conditions-(effective-from-29-september-2024-).pdf,group-global-care---policy-terms-and-conditions-(effective-from-29-september-2024-).pdf,Care_Health,,website,CHIHLGP25040V042425,,,status_unset
pending_hash:group-secure---policy-terms-and-conditions-(effective-from-29-september-2024-).pdf,group-secure---policy-terms-and-conditions-(effective-from-29-september-2024-).pdf,Care_Health,,website,CHIPAGP25037V022425,,,status_unset
pending_hash:instant-care---policy-terms-and-conditions.pdf,instant-care---policy-terms-and-conditions.pdf,Care_Health,,website,CHIHLIA23083V012223,,,status_unset
pending_hash:protect-plus----t&c-(effective-from-12-september-2024-).pdf,protect-plus----t&c-(effective-from-12-september-2024-).pdf,Care_Health,,website,CHIHLIA23153V012223,,,status_unset
pending_hash:protect-plus---t&c-(effective-from-05-february-2025).pdf,protect-plus---t&c-(effective-from-05-february-2025).pdf,Care_Health,,website,CHIHLIA25045V022425,,,status_unset
pending_hash:secure---policy-terms-and-conditions-(effective-from-05-march-2025).pdf,secure---policy-terms-and-conditions-(effective-from-05-march-2025).pdf,Care_Health,,website,CHIPAIP25046V042425,,,status_unset
pending_hash:special-care---policy-terms-&-conditions(effective-from-21-november-2025).pdf,special-care---policy-terms-&-conditions(effective-from-21-november-2025).pdf,Care_Health,,website,CHIHLIA26056V022526,,,status_unset
pending_hash:student-explore-health-unlimited---policy-terms-and-conditions.pdf,student-explore-health-unlimited---policy-terms-and-conditions.pdf,Care_Health,,website,CHITIOP24111V012324,,,status_unset
pending_hash:supreme-enhance---policy-terms-and-conditions.pdf,supreme-enhance---policy-terms-and-conditions.pdf,Care_Health,,website,CHIHLIP25036V012425,,,status_unset
pending_hash:surrogacy-and-oocyte-care----t&c-(effective-from-12-september-2024-).pdf,surrogacy-and-oocyte-care----t&c-(effective-from-12-september-2024-).pdf,Care_Health,,website,CHIHLIP24136V012324,,,status_unset
pending_hash:ultimate-care---policy-terms-&-conditions-(effective-from-16-january-2026).pdf,ultimate-care---policy-terms-&-conditions-(effective-from-16-january-2026).pdf,Care_Health,,website,CHIHLIP26058V022526,,,status_unset
pending_hash:Activate_Booster_Policy_Wording.pdf,Activate_Booster_Policy_Wording.pdf,ICICI_Lombard,,website_policy_wording,ICIHLIP25046V012425,,,status_unset
pending_hash:Arogya_Sanjeevani_Policy_Wording.pdf,Arogya_Sanjeevani_Policy_Wording.pdf,ICICI_Lombard,,website_policy_wording,ICIHLIP25041V022425,,,status_unset
pending_hash:Complete_Health_Insurance_Policy_Wording.pdf,Complete_Health_Insurance_Policy_Wording.pdf,ICICI_Lombard,,website_policy_wording,ICIHLIP26052V092526,,,status_unset
pending_hash:Elevate_Policy_Wording.pdf,Elevate_Policy_Wording.pdf,ICICI_Lombard,,website_policy_wording,ICIHLIP26054V052526,,,status_unset
pending_hash:Golden_Shield_Policy_Wording.pdf,Golden_Shield_Policy_Wording.pdf,ICICI_Lombard,,website_policy_wording,ICIHLIP25042V022425,,,status_unset
pending_hash:Health_AdvantEdge_Policy_Wording.pdf,Health_AdvantEdge_Policy_Wording.pdf,ICICI_Lombard,,website_policy_wording,ICIHLIP25043V052425,,,status_unset
pending_hash:Health_Booster_Policy_Wording.pdf,Health_Booster_Policy_Wording.pdf,ICICI_Lombard,,website_policy_wording,ICIHLIP25038V042425,,,status_unset
pending_hash:Health_Shield_360_Retail_Policy_Wording.pdf,Health_Shield_360_Retail_Policy_Wording.pdf,ICICI_Lombard,,website_policy_wording,ICIHLIP25037V022425,,,status_unset
pending_hash:Health_Shield_Inclusive_Policy_Wording.pdf,Health_Shield_Inclusive_Policy_Wording.pdf,ICICI_Lombard,,website_policy_wording,ICIHLIP25045V012425,,,status_unset
pending_hash:ICICI_Health_Elite_Plus_Policy.pdf,ICICI_Health_Elite_Plus_Policy.pdf,ICICI_Lombard,,website,ICIHLIP23144V072223,,,status_unset
pending_hash:ICICI_Health_Elite_Plus_Policy_Wording.pdf,ICICI_Health_Elite_Plus_Policy_Wording.pdf,ICICI_Lombard,,website_policy_wording,ICIHLIP23144V072223,,,status_unset
pending_hash:MaxProtect_Policy_Wording.pdf,MaxProtect_Policy_Wording.pdf,ICICI_Lombard,,website_policy_wording,ICIHLIP25040V022425,,,status_unset
pending_hash:NivaBupa_Elixir_Policy.pdf,NivaBupa_Elixir_Policy.pdf,Niva_Bupa,,website,NBHHLIP23156V012223,,,status_unset
pending_hash:NivaBupa_Health_Companion_Policy.pdf,NivaBupa_Health_Companion_Policy.pdf,Niva_Bupa,,website,NBHHLIP24115V072324,,,status_unset
pending_hash:NivaBupa_Health_Pulse_Policy.pdf,NivaBupa_Health_Pulse_Policy.pdf,Niva_Bupa,,website,NBHHLIP26044V042526,,,status_unset
pending_hash:NivaBupa_Protect_Plus_Policy.pdf,NivaBupa_Protect_Plus_Policy.pdf,Niva_Bupa,,website,NBHHLGP25038V012425,,,status_unset
pending_hash:NivaBupa_ReAssure_Policy.pdf,NivaBupa_ReAssure_Policy.pdf,Niva_Bupa,,website,NBHHLIP26050V042526,,,status_unset
pending_hash:NivaBupa_Senior_First_Policy.pdf,NivaBupa_Senior_First_Policy.pdf,Niva_Bupa,,website,NBHHLIP27053V022627,,,status_unset
pending_hash:Bajaj_Health_Care_Supreme_Policy.pdf,Bajaj_Health_Care_Supreme_Policy.pdf,Bajaj_Allianz,,website,BAJHLIP23210V042223,,,status_unset
pending_hash:Bajaj_My_Health_Care_Plan_Policy.pdf,Bajaj_My_Health_Care_Plan_Policy.pdf,Bajaj_Allianz,,website,BAJHLIP23143V012223,,,status_unset
pending_hash:HDFC_Ergo_Easy_Health_Standard.pdf,HDFC_Ergo_Easy_Health_Standard.pdf,HDFC_ERGO,,website,HDFHLIP25004V082425,,,status_unset
pending_hash:HDFC_Ergo_EquiCover_Health.pdf,HDFC_Ergo_EquiCover_Health.pdf,HDFC_ERGO,,website,HDFHLIP23192V012223,,,status_unset
pending_hash:HDFC_Ergo_Group_Health.pdf,HDFC_Ergo_Group_Health.pdf,HDFC_ERGO,,website,HDFHLGP24095V032425,,,status_unset
pending_hash:HDFC_Ergo_Optima_Restore_Policy.pdf,HDFC_Ergo_Optima_Restore_Policy.pdf,HDFC_ERGO,,website,HDFHLIP25012V082425,,,status_unset
pending_hash:HDFC_Ergo_Optima_Secure_Older.pdf,HDFC_Ergo_Optima_Secure_Older.pdf,HDFC_ERGO,,website,HDFHLIP23123V022223,,,status_unset
pending_hash:HDFC_Ergo_Optima_Secure_Policy.pdf,HDFC_Ergo_Optima_Secure_Policy.pdf,HDFC_ERGO,,website,HDFHLIP26058V082526,,,status_unset
pending_hash:HDFC_Ergo_Optima_Secure_Revision_2026.pdf,HDFC_Ergo_Optima_Secure_Revision_2026.pdf,HDFC_ERGO,,website,HDFHLIP25041V062425,,,status_unset
pending_hash:HDFC_Ergo_Secure_4in1_Policy.pdf,HDFC_Ergo_Secure_4in1_Policy.pdf,HDFC_ERGO,,website,HDFHLIP25040V042425,,,status_unset
pending_hash:Tata_AIG_MediCare.pdf,Tata_AIG_MediCare.pdf,Tata_AIG,,website,TATHLIP26053V042526,,,status_unset
pending_hash:Tata_AIG_MediCare_Premier.pdf,Tata_AIG_MediCare_Premier.pdf,Tata_AIG,,website,TATHLIP26052V0525,,,status_unset
pending_hash:Tata_AIG_MediCare_Select.pdf,Tata_AIG_MediCare_Select.pdf,Tata_AIG,,website,TATHLIP25051V012425,,,status_unset
pending_hash:Tata_AIG_Rider_EmpowerHer.pdf,Tata_AIG_Rider_EmpowerHer.pdf,Tata_AIG,,website,TATHLIA25036V012425,,,status_unset
pending_hash:Tata_AIG_Rider_Mental_Wellbeing.pdf,Tata_AIG_Rider_Mental_Wellbeing.pdf,Tata_AIG,,website,TATHLIA25037V012425,,,status_unset
pending_hash:Tata_AIG_Rider_OPD_Care.pdf,Tata_AIG_Rider_OPD_Care.pdf,Tata_AIG,,website,TATHLIA25035V012425,,,status_unset
pending_hash:Aditya_Birla_Activ_Assure_Diamond.pdf,Aditya_Birla_Activ_Assure_Diamond.pdf,Aditya_Birla,,website,ADIHLIP24097V012324,,,status_unset
pending_hash:Aditya_Birla_Activ_Fit.pdf,Aditya_Birla_Activ_Fit.pdf,Aditya_Birla,,website,ADIHLIP22008V012223,,,status_unset
pending_hash:Aditya_Birla_Activ_One_MAXplus.pdf,Aditya_Birla_Activ_One_MAXplus.pdf,Aditya_Birla,,website,ADIHLIP24097V012324,,,status_unset
pending_hash:Aditya_Birla_Activ_One_NXT.pdf,Aditya_Birla_Activ_One_NXT.pdf,Aditya_Birla,,website,ADIHLIP24097V012324,,,status_unset
pending_hash:Aditya_Birla_Activ_One_VYTL.pdf,Aditya_Birla_Activ_One_VYTL.pdf,Aditya_Birla,,website,ADIHLIP24097V012324,,,status_unset
pending_hash:Aditya_Birla_Group_Activ_Health.pdf,Aditya_Birla_Group_Activ_Health.pdf,Aditya_Birla,,website,ADIHLGP22190V032122,,,status_unset
pending_hash:IFFCO_Tokio_Health-Protector-Assure.pdf,IFFCO_Tokio_Health-Protector-Assure.pdf,IFFCO_Tokio,,website,IFFHLIP24131V012324,,,status_unset
pending_hash:IFFCO_Tokio_group-ci.pdf,IFFCO_Tokio_group-ci.pdf,IFFCO_Tokio,,website,IFFHMGP23042V012223,,,status_unset
pending_hash:IFFCO_Tokio_hdccro.pdf,IFFCO_Tokio_hdccro.pdf,IFFCO_Tokio,,website,IFFHMGP23044V012223,,,status_unset
pending_hash:IFFCO_Tokio_hospital-cash-groupcro-v2.pdf,IFFCO_Tokio_hospital-cash-groupcro-v2.pdf,IFFCO_Tokio,,website,IFFHLGP21045V012021,,,status_unset
pending_hash:IFFCO_Tokio_hospital-daily-cash-policy.pdf,IFFCO_Tokio_hospital-daily-cash-policy.pdf,IFFCO_Tokio,,website,IFFHMIP23043V012223,,,status_unset
pending_hash:IFFCO_Tokio_individual-personal-accident-policy-policycro.pdf,IFFCO_Tokio_individual-personal-accident-policy-policycro.pdf,IFFCO_Tokio,,website,IFFPMIP23039V012223,,,status_unset
pending_hash:IFFCO_Tokio_policy-cibp.pdf,IFFCO_Tokio_policy-cibp.pdf,IFFCO_Tokio,,website,IFFHMIP23041V012223,,,status_unset
pending_hash:IFFCO_Tokio_surrogac-schedule.pdf,IFFCO_Tokio_surrogac-schedule.pdf,IFFCO_Tokio,,website,IFFHLIP25039V012425,,,status_unset
pending_hash:IFFCO_Tokio_wording-arogya-sanjeevani.pdf,IFFCO_Tokio_wording-arogya-sanjeevani.pdf,IFFCO_Tokio,,website,IFFPMIP23040V012223,,,status_unset
pending_hash:Universal_Sompo_a-plus-health-insurance_PW.pdf,Universal_Sompo_a-plus-health-insurance_PW.pdf,Universal_Sompo,,website_policy_wording,UNIHLIP26040V022526,,,status_unset
pending_hash:Universal_Sompo_aapat-suraksha-bima-policy_PW.pdf,Universal_Sompo_aapat-suraksha-bima-policy_PW.pdf,Universal_Sompo,,website_policy_wording,UNIHLIP08002V020708,,,status_unset
pending_hash:Universal_Sompo_bancassurance_karnataka-bank-policy-wordings.pdf,Universal_Sompo_bancassurance_karnataka-bank-policy-wordings.pdf,Universal_Sompo,,website,UNIHLIP25035V032425,,,status_unset
pending_hash:Universal_Sompo_complete-healthcare-insurance_PW.pdf,Universal_Sompo_complete-healthcare-insurance_PW.pdf,Universal_Sompo,,website_policy_wording,UNIHLIP25036V042425,,,status_unset
pending_hash:Universal_Sompo_complete-travelcare-insurance_complete-travelcare-insurance-policy-wordings.pdf,Universal_Sompo_complete-travelcare-insurance_complete-travelcare-insurance-policy-wordings.pdf,Universal_Sompo,,website,UNITGOP24164V012324,,,status_unset
pending_hash:Universal_Sompo_critical-illness-insurance-policy_PW.pdf,Universal_Sompo_critical-illness-insurance-policy_PW.pdf,Universal_Sompo,,website_policy_wording,UNIHLIP14004V011314,,,status_unset
pending_hash:Universal_Sompo_group-health-insurance-policy_PW.pdf,Universal_Sompo_group-health-insurance-policy_PW.pdf,Universal_Sompo,,website_policy_wording,UNIHLGP26043V062526,,,status_unset
pending_hash:Universal_Sompo_group-personal-accident_group-personal-accident-policy-wordings.pdf,Universal_Sompo_group-personal-accident_group-personal-accident-policy-wordings.pdf,Universal_Sompo,,website,UNIPAGP26042V052526,,,status_unset
pending_hash:Universal_Sompo_hospital-cash-insurance-policy_hospital-cash-insurance-policy-wordings.pdf,Universal_Sompo_hospital-cash-insurance-policy_hospital-cash-insurance-policy-wordings.pdf,Universal_Sompo,,website,UNIHLIP14005V011314,,,status_unset
pending_hash:Universal_Sompo_janta-personal-accident-insurance_janta-personal-accident-insurance-policy-wordings.pdf,Universal_Sompo_janta-personal-accident-insurance_janta-personal-accident-insurance-policy-wordings.pdf,Universal_Sompo,,website,UNIPAGP09002V020809,,,status_unset
pending_hash:Universal_Sompo_muskaan_muskaan-policy-wordings.pdf,Universal_Sompo_muskaan_muskaan-policy-wordings.pdf,Universal_Sompo,,website,UNIHLIP24104V012324,,,status_unset
pending_hash:Magma_Group_Health_PW.pdf,Magma_Group_Health_PW.pdf,Magma_HDI,,website_policy_wording,MAGHLGP21234V022021,,,status_unset
pending_hash:Magma_HDI_Corona_Rakshak_Policy_Liberty_General_Insurance_Limited.pdf,Magma_HDI_Corona_Rakshak_Policy_Liberty_General_Insurance_Limited.pdf,Magma_HDI,,website,MAGHLGP21234V022021,,,status_unset
pending_hash:Magma_HDI_Group_Health_Insurance.pdf,Magma_HDI_Group_Health_Insurance.pdf,Magma_HDI,,website,MAGHLGP21234V022021,,,status_unset
pending_hash:Kotak_Health_Assure_Policy_Wordings_Website_2.pdf,Kotak_Health_Assure_Policy_Wordings_Website_2.pdf,Kotak_Mahindra,,website_policy_wording,ZUKHLGP25063V032425,,,status_unset
pending_hash:Kotak_Policy_Wordings_GPA_1.pdf,Kotak_Policy_Wordings_GPA_1.pdf,Kotak_Mahindra,,website_policy_wording,ZUKPAGP25050V032425,,,status_unset
pending_hash:Kotak_Policy_Wordings_GPA_Micro_Insurance_1.pdf,Kotak_Policy_Wordings_GPA_Micro_Insurance_1.pdf,Kotak_Mahindra,,website_policy_wording,ZUKPMGP25051V032425,,,status_unset
pending_hash:Kotak_Policy_wording_Group_Smart_Travel_003.pdf,Kotak_Policy_wording_Group_Smart_Travel_003.pdf,Kotak_Mahindra,,website_policy_wording,ZUKTGBP25065V032425,,,status_unset
pending_hash:Kotak_Policy_wording_Smart_Travel.pdf,Kotak_Policy_wording_Smart_Travel.pdf,Kotak_Mahindra,,website_policy_wording,ZUKTIOP25061V022425,,,status_unset
pending_hash:Cholamandalam_Flexi_Health_PW.pdf,Cholamandalam_Flexi_Health_PW.pdf,Cholamandalam,,website_policy_wording,CHOHLIP24145V062526,,,status_unset
pending_hash:Cholamandalam_Healthline_PW.pdf,Cholamandalam_Healthline_PW.pdf,Cholamandalam,,website_policy_wording,CHOHLIP24153V062526,,,status_unset
pending_hash:SBI_Comprehensive_Protection_PW.pdf,SBI_Comprehensive_Protection_PW.pdf,SBI_General,,website_policy_wording,SBIHLGP25036V012425,,,status_unset
pending_hash:SBI_Group_Health_PW.pdf,SBI_Group_Health_PW.pdf,SBI_General,,website_policy_wording,SBIHLGP11001V011011,,,status_unset
pending_hash:SBI_Health_Alpha_PW.pdf,SBI_Health_Alpha_PW.pdf,SBI_General,,website_policy_wording,SBIHLIP26038V012526,,,status_unset
pending_hash:Raheja_QBE_Health_QuBE_PW.pdf,Raheja_QBE_Health_QuBE_PW.pdf,Raheja_QBE,,website_policy_wording,RQBHLIP26036V052526,,,status_unset
pending_hash:Raheja_QBE_Super_Top_Up_PW.pdf,Raheja_QBE_Super_Top_Up_PW.pdf,Raheja_QBE,,website_policy_wording,RQBHLIP25039V022425,,,status_unset
pending_hash:NewIndia_Floater_Mediclaim.pdf,NewIndia_Floater_Mediclaim.pdf,non_policy_wordings,,website,NIAHLIP25039V082425,,,status_unset
