document_id,filename,folder_insurer,uin,uin_base,lifecycle_insurer,lifecycle_product_name,match_status,match_confidence,verification_notes,triage_flags
sha256:370da97a7f00e88244cb372b512ea9d76b653c742a06018d4fb0faf5f47a3885,New_India_New_India_Floater_Mediclaim_Policy.pdf,New_India_Assurance,NIAHLIP21278V042021,NIAHLIP21278,New India Assurance,New India Floater Mediclaim Policy,verified,high,Insurer UIN match confirmed; plan name similarity=0.89,possible_duplicate
sha256:260ad7b691618140cfcdb7e78edb3d0de883e12f2407a540089a13ce651b07db,New_India_Senior_Citizen_Mediclaim_Policy.pdf,New_India_Assurance,NIAHLIP21315V022021,NIAHLIP21315,New India Assurance,Senior Citizen Mediclaim Policy,verified,high,Insurer UIN match confirmed; plan name similarity=0.87,possible_duplicate
sha256:c5e861f00acd79f80cc2500ad7f24f499c810444c8d5b4e5b125354a6c48ef79,New_India_Universal_Health_Insurance_Policy_APL.pdf,New_India_Assurance,NIAHLIP21314V022021,NIAHLIP21314,New India Assurance,Universal Health Insurance Policy (APL),verified,high,Insurer UIN match confirmed; plan name similarity=1.00,possible_duplicate
sha256:8d232502aa73843c3a77c0e3bb5ada290e5a17e399475e9299d6b99289141fba,Star_Policy_Family_Accident_Care_Insurance_PolicyWeb.pdf,Star_Health,SHAHLIP21042V012021,SHAHLIP21042,Star Health,Family Accident Care Policy,verified,high,Insurer UIN match confirmed; plan name similarity=0.73,document_type_brochure
sha256:304054cbc792b447720b9639694f3bb35e0dd169b8444b50f02a0a74e661273c,Care_Health_Care.pdf,Care_Health,CHIHLIP22184V062122,CHIHLIP22184,Care Health,Care,verified,high,Insurer UIN match confirmed; plan name similarity=0.53,possible_duplicate
sha256:58d059b4435f724289ccc5efa7e56c4e7bd343ab5ad121488554ebdfd413b4ce,arogya-sanjeevani-policy---(health-insurance-product)--prospectus.pdf,Care_Health,RHIHLIP20154V011920,RHIHLIP20154,Care Health,"Arogya Sanjeevani Policy ,Religare Health Insurance",verified,high,Insurer UIN match confirmed; plan name similarity=0.75,document_type_brochure
sha256:da5b2c683c2094176e6220ce6aaface175d7d58769ef5c84b4d85d838f426e7b,assure-(critical-illness-product)---prospectus-cum-sales-literature.pdf,Care_Health,RHIHLIP21375V022021,RHIHLIP21375,Care Health,Assure,verified,medium,Insurer UIN match confirmed; plan name similarity=0.17,document_type_brochure
sha256:918e4774ce9cc4b9b7479ac76636635367584ee622f6fa9c78380dafc0ac6b2f,care-plus-(health-insurance-product)---brochure.pdf,Care_Health,CHIHLIP22047V012122,CHIHLIP22047,Care Health,Care Plus,verified,medium,Insurer UIN match confirmed; plan name similarity=0.35,document_type_brochure
sha256:986eadcae5afc62456e7a89fef869784a72c3a6aa831559139a32439e79021f8,care-plus--(health-insurance-product)---prospectus-cum-sales-literature.pdf,Care_Health,CHIHLIP22047V012122,CHIHLIP22047,Care Health,Care Plus,verified,medium,Insurer UIN match confirmed; plan name similarity=0.24,document_type_brochure
sha256:18737fee3502d7f8d6406884fbfef2923eafe58433a95864cae72e99baf63dfc,corona-kavach-policy-chi--(health-insurance-product)-prospectus-cum-sales-literature.pdf,Care_Health,RHIHLIP21087V012021,RHIHLIP21087,Care Health,"Corona Kavach Policy ,Religare Health Insurance",verified,high,Insurer UIN match confirmed; plan name similarity=0.61,document_type_brochure
sha256:5384f74dd62679f219cec08e45da6ab6b0357ec122dd50eb648cb0879d5b7753,domestic-staff-insurance-add-on---prospectus-cum-sales-literature.pdf,Care_Health,RHIHLIP21407V022021,RHIHLIP21407,Care Health,Domestic Staff Insurance Add-on,verified,high,Insurer UIN match confirmed; plan name similarity=0.66,document_type_brochure
sha256:35b83d84f75210771f4358d611c6b4c812283d3f8e280d14422755dddf5b8210,enhance-(top-up-insurance-product)--prospectus-cum-sales-literature.pdf,Care_Health,RHIHLIP21372V022021,RHIHLIP21372,Care Health,Enhance,verified,medium,Insurer UIN match confirmed; plan name similarity=0.20,document_type_brochure
sha256:a61016b4af29a67ad04ad5f4d5ecd1b1c9d2d117aa2098e5c859c647b8653d1b,joy-(maternity-insurance-product)--prospectus-cum-sales-literature.pdf,Care_Health,RHIHLIP21373V022021,RHIHLIP21373,Care Health,Joy,verified,medium,Insurer UIN match confirmed; plan name similarity=0.09,document_type_brochure
sha256:eb7f4d2011759fb3510ffc73e4358a874a0db7c8e1b62bea217f538b8da49295,saral-suraksha-bima---chi-(personal-accident-product)---prospectus-cum-sales-literature.pdf,Care_Health,CHIPAIP21610V012021,CHIPAIP21610,Care Health,"Saral Suraksha Bima, Care Health Insurance",verified,high,Insurer UIN match confirmed; plan name similarity=0.52,document_type_brochure
sha256:36ae8a22cade978f0bff5f5eb1b199b2e3223e5e33bfd103b1e563bf6f23705b,senior-health-advantage---brochure.pdf,Care_Health,CHIHLIP22223V012122,CHIHLIP22223,Care Health,Senior Health Advantage,verified,high,Insurer UIN match confirmed; plan name similarity=0.84,document_type_brochure
sha256:5c0b000e91d2872dc1f3e8a72bf0a3ca0e8cca488bdea6e083e7aefabb8c2976,senior-health-advantage--prospectus-cum-sales-literature.pdf,Care_Health,CHIHLIP22223V012122,CHIHLIP22223,Care Health,Senior Health Advantage,verified,high,Insurer UIN match confirmed; plan name similarity=0.59,document_type_brochure
sha256:c619d65157898205f602e98561605369bcd3d4e77c346f4f94afc827a26bfd8e,super-mediclaim---prospectus-cum-sales-literature.pdf,Care_Health,RHIHLIP21374V022021,RHIHLIP21374,Care Health,Super Mediclaim,verified,medium,Insurer UIN match confirmed; plan name similarity=0.48,document_type_brochure
sha256:674471ab1168be7ff7b63f9e99a162f66e5518dc5495ceef48c567d6fcbfc6bb,ICICI_Criti_Shield_Plus_KIS.pdf,ICICI_Lombard,ICIHLIP22131V012122,ICIHLIP22131,ICICI Lombard,Criti Shield Plus,verified,high,Insurer UIN match confirmed; plan name similarity=1.00,document_type_brochure; possible_duplicate
sha256:674471ab1168be7ff7b63f9e99a162f66e5518dc5495ceef48c567d6fcbfc6bb,ICICI_Lombard_Criti_Shield_Plus.pdf,ICICI_Lombard,ICIHLIP22131V012122,ICIHLIP22131,ICICI Lombard,Criti Shield Plus,verified,high,Insurer UIN match confirmed; plan name similarity=0.81,possible_duplicate
sha256:26a06e80f2a38dc23e4cdb61ad08164d3be374837517f5019fc59fc2fcf836f7,ICICI_Lombard_Family_Shield.pdf,ICICI_Lombard,ICIHLIP22092V032122,ICIHLIP22092,ICICI Lombard,Family Shield,verified,high,Insurer UIN match confirmed; plan name similarity=0.76,possible_duplicate
sha256:24187905233ed5eaa53dc2b0ba270a3727bb55ee26863fb78f69d9640df3d355,ICICI_Lombard_Health_Shield_360.pdf,ICICI_Lombard,ICIHLGP22083V022122,ICIHLGP22083,ICICI Lombard,Health Shield 360,verified,high,Insurer UIN match confirmed; plan name similarity=0.81,possible_duplicate
sha256:ad568d14c4ac13628a2af5a56f00a6ff3276d17f4a82c7b01bb0855ef2de23b7,ICICI_Lombard_Health_advantEDGE.pdf,ICICI_Lombard,ICIHLIP22206V022122,ICIHLIP22206,ICICI Lombard,Health advantEDGE,verified,high,Insurer UIN match confirmed; plan name similarity=0.81,possible_duplicate
sha256:61dd2d624b9d480bba30947ea88de6f2d7c3176c813b7b5f6b28735a3ff50964,ICICI_Lombard_ICICI_LOMBARD_COMPLETE_HEALTH_INSURANCE.pdf,ICICI_Lombard,ICIHLIP22096V062122,ICIHLIP22096,ICICI Lombard,ICICI LOMBARD COMPLETE HEALTH INSURANCE,verified,high,Insurer UIN match confirmed; plan name similarity=0.91,possible_duplicate
sha256:b3e448a2c974e6be95129d3f0c41a0812a18571d464b00b3301ad15bc5432ac7,Niva_Bupa_Arogya_Sanjeevani_Niva_Bupa_Health_Insurance_Co._Ltd..pdf,Niva_Bupa,NBHHLIP22151V012122,NBHHLIP22151,Niva Bupa,"Arogya Sanjeevani, Niva Bupa Health Insurance Co. Ltd.",verified,high,Insurer UIN match confirmed; plan name similarity=0.95,possible_duplicate
sha256:8e692c4c84b8eb44c403268ff99d85035daf5b92571e852d22d2e4e5bfee39f9,Niva_Bupa_Health_Recharge.pdf,Niva_Bupa,NBHHLIP22156V032122,NBHHLIP22156,Niva Bupa,Health Recharge,verified,high,Insurer UIN match confirmed; plan name similarity=0.86,possible_duplicate
sha256:955781409cfb158b7f6635bb0d6001f468da7fa714457875c53677aad75c4559,Niva_Bupa_Swasthya_Suraksha.pdf,Niva_Bupa,NBHHLGP22117V012122,NBHHLGP22117,Niva Bupa,Swasthya Suraksha,verified,high,Insurer UIN match confirmed; plan name similarity=0.87,possible_duplicate
sha256:c47317947d80cf73bf50e585a6d8afdb9905a26a2c0c42dbd7e9a65c7566f570,UnitedIndia_Arogya_Sanjeevani_IRDAI.pdf,United_India,UIIHLIP20179V011920,UIIHLIP20179,United India Insurance,"Arogya Sanjeevani Policy, United India Insurance Company Limited",verified,medium,Insurer UIN match confirmed; plan name similarity=0.42,document_type_brochure
sha256:c47317947d80cf73bf50e585a6d8afdb9905a26a2c0c42dbd7e9a65c7566f570,United_India_Arogya_Sanjeevani_Policy_United_India_Insurance_Company_Limited.pdf,United_India,UIIHLIP20179V011920,UIIHLIP20179,United India Insurance,"Arogya Sanjeevani Policy, United India Insurance Company Limited",verified,high,Insurer UIN match confirmed; plan name similarity=0.95,document_type_brochure; possible_duplicate
sha256:0a992d2b4003dcb314ff31886d4e993b18a3552d6ee4024eea4475bb5bded86d,United_India_Corona_Kavach_Policy_United_India_Insurance_Company_Limited.pdf,United_India,UIIHLIP21085V012021,UIIHLIP21085,United India Insurance,"Corona Kavach Policy, United India Insurance Company Limited",verified,high,Insurer UIN match confirmed; plan name similarity=0.95,possible_duplicate
sha256:6bb20e21fa1c97b514f57ae6764b2e9b7a22df71d8afb2ece0539e0e17eea267,United_India_Family_Medicare_Policy.pdf,United_India,UIIHLIP22070V042122,UIIHLIP22070,United India Insurance,Family Medicare Policy,verified,high,Insurer UIN match confirmed; plan name similarity=0.70,possible_duplicate
sha256:ca28c7b62d4ccddd547489d54ce3193e02b051d1b4dd3ff85a1b7e3a75d184d2,United_India_Family_Medicare_Policy_Revision.pdf,United_India,UIIHLIP20013V032021,UIIHLIP20013,United India Insurance,Family Medicare Policy Revision,verified,high,Insurer UIN match confirmed; plan name similarity=0.91,possible_duplicate
sha256:f3a39815f349484238068d82d1047cceb32ba5cf2d0bded94960f5627abe4803,United_India_Individual_Health_Insurance_Policy_-_Platinum_Gold_Senior_Citizen.pdf,United_India,UIIHLIP22180V042122,UIIHLIP22180,United India Insurance,Individual Health Insurance Policy - Platinum / Gold / Senior Citizen,verified,high,Insurer UIN match confirmed; plan name similarity=0.95,possible_duplicate
sha256:f76b18c226cf38bff6d80279e19fbc90af15ce7f3bc3237bc67b8263d5f29231,United_India_TMB_UNI_Mahila_Health_Insurance.pdf,United_India,UIIHLGP21485V032021,UIIHLGP21485,United India Insurance,TMB UNI Mahila Health Insurance,verified,high,Insurer UIN match confirmed; plan name similarity=0.91,possible_duplicate
sha256:ecc305403cbd67c5a9080d225825066099d34da329e8f7201b8cd33d2aec3722,United_India_Uni_Group_Health_Insurance_Policy.pdf,United_India,UIIHLGP21251V022021,UIIHLGP21251,United India Insurance,Uni Group Health Insurance Policy,verified,high,Insurer UIN match confirmed; plan name similarity=0.80,possible_duplicate
sha256:2eca1f9c5f9bb61b6f8ace53a3e120fc9aae8cb970a00f0bc4032ab62607a6ed,Oriental_Arogya_Sanjeevani_Policy_Oriental.pdf,Oriental_Insurance,OICHLIP20181V011920,OICHLIP20181,Oriental Insurance,"Arogya Sanjeevani Policy, Oriental",verified,high,Insurer UIN match confirmed; plan name similarity=1.00,possible_duplicate
sha256:8b73ab7f5d9c9ae1c88cc9dcc03e0206ad4925445000dcac07d3b860688de46a,Oriental_Happy_Family_Floater_Policy_2021.pdf,Oriental_Insurance,OICHLIP22010V042223,OICHLIP22010,Oriental Insurance,Happy Family Floater Policy 2021,verified,high,Insurer UIN match confirmed; plan name similarity=0.92,possible_duplicate
sha256:e65804ca9845a373aa033934cb7e9ca3fabf18147e08cf51be30c034d646592a,Oriental_Happy_Family_Floater_Policy_–_2015.pdf,Oriental_Insurance,OICHLIP445V032021,OICHLIP445,Oriental Insurance,Happy Family Floater Policy – 2015,verified,high,Insurer UIN match confirmed; plan name similarity=0.92,possible_duplicate
sha256:d20b9a1acb7aa12a4b64135460ae93774f373f41fa017a6cdcbb59947d80cb2c,Oriental_Oriental_Happy_Cash_–_Nischint_Rahein.pdf,Oriental_Insurance,OICHLIP447V022021,OICHLIP447,Oriental Insurance,Oriental Happy Cash – Nischint Rahein!,verified,high,Insurer UIN match confirmed; plan name similarity=1.00,possible_duplicate
sha256:397dd3da266b41473dcffc09293b7c64e09cc0fa162b7b8b486705fbdb0db796,Oriental_Oriental_Super_Health_Top-_Up.pdf,Oriental_Insurance,OICHLIP453V022021,OICHLIP453,Oriental Insurance,Oriental Super Health Top- Up,verified,high,Insurer UIN match confirmed; plan name similarity=1.00,possible_duplicate
sha256:2fd89af3b2b885f0ae72bd41996092234fbaa5c329d67477fe5ee5712748c013,Oriental_Universal_Health_Insurance_Policy_Individual.pdf,Oriental_Insurance,OICHLIP21529V022021,OICHLIP21529,Oriental Insurance,Universal Health Insurance Policy (Individual),verified,high,Insurer UIN match confirmed; plan name similarity=1.00,possible_duplicate
sha256:4a9637381c131afb9d5a41e92a2e3ba4ee3ee5ef501fe9b147c34350b0cb0a1f,Bajaj_Allianz_Health_ensure.pdf,Bajaj_Allianz,BAJHLIP21127V032021,BAJHLIP21127,Bajaj Allianz General Insurance,Health ensure,verified,high,Insurer UIN match confirmed; plan name similarity=0.76,possible_duplicate
sha256:ce1f8dce257c6ef5c23b2406648f219fd359d2187e5c4a6c6a02baa95b43b472,Bajaj_Allianz_Silver_Health.pdf,Bajaj_Allianz,BAJHLIP22192V032122,BAJHLIP22192,Bajaj Allianz General Insurance,Silver Health,verified,high,Insurer UIN match confirmed; plan name similarity=0.76,possible_duplicate
sha256:ec4f8835285f09bd83ab240760d0428df4e3dc86f5e80f7d484a66ef43f37d56,Aditya_Birla_Active_Care.pdf,Aditya_Birla,ADIHLIP20001V011920,ADIHLIP20001,Aditya Birla Health Insurance,Active Care,verified,high,Insurer UIN match confirmed; plan name similarity=0.79,possible_duplicate
sha256:ef07d5d1fa8d7e08a4aeb9dd024063bf9f61fed31994005bc936f17e26daac34,Aditya_Birla_ArogyaSanjeevani_Policy_Aditya_Birla_Health_Insurance_Company_Limited.pdf,Aditya_Birla,ADIHLIP20170V011920,ADIHLIP20170,Aditya Birla Health Insurance,"ArogyaSanjeevani Policy, Aditya Birla Health Insurance Company Limited",verified,high,Insurer UIN match confirmed; plan name similarity=0.96,possible_duplicate
sha256:263cc5bf2a9a1747695052d6d733bd569bd4f1288bbfb9735f8c8741084a49a4,Aditya_Birla_Global_Health_Secure.pdf,Aditya_Birla,ADIHLIP21069V022021,ADIHLIP21069,Aditya Birla Health Insurance,Global Health Secure,verified,high,Insurer UIN match confirmed; plan name similarity=0.87,possible_duplicate
sha256:263cc5bf2a9a1747695052d6d733bd569bd4f1288bbfb9735f8c8741084a49a4,Aditya_Birla_Global_Health_Secure_2021.pdf,Aditya_Birla,ADIHLIP21069V022021,ADIHLIP21069,Aditya Birla Health Insurance,Global Health Secure,verified,high,Insurer UIN match confirmed; plan name similarity=0.87,possible_duplicate
sha256:d6a5514690c1c2a43ec9be5d89e029a4d60315ab1c2b22a6b6d9caa993f2af12,Aditya_Birla_Group_Arogya_Sanjeevani.pdf,Aditya_Birla,ADIHLGP21229V012021,ADIHLGP21229,Aditya Birla Health Insurance,"Group Arogya Sanjeevani Policy, Aditya Birla Health Insurance Co. Limited”",verified,medium,Insurer UIN match confirmed; plan name similarity=0.46,possible_duplicate
sha256:d6a5514690c1c2a43ec9be5d89e029a4d60315ab1c2b22a6b6d9caa993f2af12,Aditya_Birla_Group_Arogya_Sanjeevani_Policy_Aditya_Birla_Health_Insurance_Co._Limited”.pdf,Aditya_Birla,ADIHLGP21229V012021,ADIHLGP21229,Aditya Birla Health Insurance,"Group Arogya Sanjeevani Policy, Aditya Birla Health Insurance Co. Limited”",verified,high,Insurer UIN match confirmed; plan name similarity=0.96,possible_duplicate
sha256:150a86f59549165facdcafb42f766ab60ef8c70a53b3e070723257b2a595a4d3,IFFCO_Tokio_Family_Health_Protector.pdf,IFFCO_Tokio,IFFHLIP22198V042122,IFFHLIP22198,IFFCO Tokio General Insurance,Family Health Protector,verified,high,Insurer UIN match confirmed; plan name similarity=0.88,possible_duplicate
sha256:c42ebefc9c4b2534531167ee4cf5332f5100e59f5d5cf206a96545f0ee4cc0d0,IFFCO_Tokio_Health_Protector.pdf,IFFCO_Tokio,IFFHLIP22197V042122,IFFHLIP22197,IFFCO Tokio General Insurance,Health Protector,verified,high,Insurer UIN match confirmed; plan name similarity=0.84,possible_duplicate
sha256:974fb6de4e7f368632f16059afcf1d2640a5e4c46c955661c9d9950656e54a1e,Future_Generali_Corona_Kavach_PW.pdf,Future_Generali,FGIHLIP21076V012021,FGIHLIP21076,Future Generali India Insurance,"Corona Kavach Policy, Future Generali India Insurance Company Limited",verified,medium,Insurer UIN match confirmed; plan name similarity=0.32,possible_duplicate
sha256:974fb6de4e7f368632f16059afcf1d2640a5e4c46c955661c9d9950656e54a1e,Future_Generali_Corona_Kavach_Policy_Future_Generali_India_Insurance_Company_Limited.pdf,Future_Generali,FGIHLIP21076V012021,FGIHLIP21076,Future Generali India Insurance,"Corona Kavach Policy, Future Generali India Insurance Company Limited",verified,high,Insurer UIN match confirmed; plan name similarity=0.94,possible_duplicate
sha256:99854016b0120a302ec372876ed1378fb3eb6e9c06c7e0d91d25a9b843182713,Future_Generali_Criticare_PW.pdf,Future_Generali,FGIHLIP22104V022122,FGIHLIP22104,Future Generali India Insurance,Future Criticare,verified,high,Insurer UIN match confirmed; plan name similarity=0.59,possible_duplicate
sha256:41c79923d5061906357fc4499c121ce2e30bffc30d04714fc1b45096372b5394,Future_Generali_FG_Health_Elite.pdf,Future_Generali,FGIHLIP22234V012122,FGIHLIP22234,Future Generali India Insurance,FG Health Elite,verified,high,Insurer UIN match confirmed; plan name similarity=0.77,possible_duplicate
sha256:99854016b0120a302ec372876ed1378fb3eb6e9c06c7e0d91d25a9b843182713,Future_Generali_Future_Criticare.pdf,Future_Generali,FGIHLIP22104V022122,FGIHLIP22104,Future Generali India Insurance,Future Criticare,verified,high,Insurer UIN match confirmed; plan name similarity=0.78,possible_duplicate
sha256:0bc8ea4fd212cadd9b0bfd9cdd5270a76c3ae4a683a7ed6971eea6230631a841,Future_Generali_Future_Poorna_Suraksha_–_Group.pdf,Future_Generali,FGIHLGP22110V032122,FGIHLGP22110,Future Generali India Insurance,Future Poorna Suraksha – Group,verified,high,Insurer UIN match confirmed; plan name similarity=0.86,possible_duplicate
sha256:0bc8ea4fd212cadd9b0bfd9cdd5270a76c3ae4a683a7ed6971eea6230631a841,Future_Generali_Poorna_Suraksha_Group_PW.pdf,Future_Generali,FGIHLGP22110V032122,FGIHLGP22110,Future Generali India Insurance,Future Poorna Suraksha – Group,verified,high,Insurer UIN match confirmed; plan name similarity=0.75,possible_duplicate
sha256:20eb72ac303d428bd82bafdb696e5e33981b4653aac641278024595aaa3f8b3d,Magma_HDI_Loan_Guard.pdf,Magma_HDI,MAGHLGP20078V021920,MAGHLGP20078,Magma HDI General Insurance,Loan Guard,verified,high,Insurer UIN match confirmed; plan name similarity=0.83,possible_duplicate
sha256:4bb45e026500b931c77e31185770fc2ed9c8e6dfc156975dc023ce085e1543e3,Magma_HDI_One_Health.pdf,Magma_HDI,MAGHLIP18037V011718,MAGHLIP18037,Magma HDI General Insurance,One Health,verified,high,Insurer UIN match confirmed; plan name similarity=0.83,possible_duplicate
sha256:20eb72ac303d428bd82bafdb696e5e33981b4653aac641278024595aaa3f8b3d,Magma_Loan_Guard_PW.pdf,Magma_HDI,MAGHLGP20078V021920,MAGHLGP20078,Magma HDI General Insurance,Loan Guard,verified,high,Insurer UIN match confirmed; plan name similarity=0.87,possible_duplicate
sha256:4bb45e026500b931c77e31185770fc2ed9c8e6dfc156975dc023ce085e1543e3,Magma_OneHealth_Old_PW.pdf,Magma_HDI,MAGHLIP18037V011718,MAGHLIP18037,Magma HDI General Insurance,One Health,verified,high,Insurer UIN match confirmed; plan name similarity=0.69,possible_duplicate
sha256:3cb32e112664b6376b2e8ff38301e3c6e90c67eee2e1bddeb9a85ad6dd3d8b08,Magma_OneHealth_PW.pdf,Magma_HDI,MAGHLIP20101V021920,MAGHLIP20101,Magma HDI General Insurance,Onehealth,verified,high,Insurer UIN match confirmed; plan name similarity=0.86,possible_duplicate
sha256:d405114cfe0365a5963cbd101b9cb5c9be2db55e33d64bd9de85f08fbfc16798,Kotak_Arogya_Sanjeevani_PolicyKotak_General_Insurance_Co_Ltd.pdf,Kotak_Mahindra,KOTHLIP20159V011920,KOTHLIP20159,Kotak Mahindra General Insurance,"Arogya Sanjeevani Policy,Kotak General Insurance Co Ltd",verified,high,Insurer UIN match confirmed; plan name similarity=1.00,possible_duplicate
sha256:0bd43987c8812a866229f93c6f238b9b9f67de5810b4fb520e503c600b0313fc,Kotak_Kotak_Group_Health_Assure.pdf,Kotak_Mahindra,KOTHLGP22168V012122,KOTHLGP22168,Kotak Mahindra General Insurance,Kotak Group Health Assure,verified,high,Insurer UIN match confirmed; plan name similarity=1.00,possible_duplicate
sha256:60d12ba09f1dbb63933e669fc43c1a65688fd9d2f5864e34a354ca45755ae2ac,Kotak_Kotak_Health_Care.pdf,Kotak_Mahindra,KOTHLIP21071V032021,KOTHLIP21071,Kotak Mahindra General Insurance,Kotak Health Care,verified,high,Insurer UIN match confirmed; plan name similarity=1.00,possible_duplicate
sha256:c9955ba0ab5d13fc64d52129f5acf39a10e5669dd44cabfc95b606bb1cd307f1,Kotak_Kotak_Health_Super_Top_Up.pdf,Kotak_Mahindra,KOTHLIP21162V032021,KOTHLIP21162,Kotak Mahindra General Insurance,Kotak Health Super Top Up,verified,high,Insurer UIN match confirmed; plan name similarity=1.00,possible_duplicate
sha256:cc425ea573bcccb3975ef9d675ea659e22d383fae64707e873c259ca5a4cc337,Reliance_Arogya_Sanjeevani_PW.pdf,Reliance,RELHLIP21001V012021,RELHLIP21001,Reliance General Insurance,"Arogya Sanjeevani Policy, Reliance General",verified,high,Insurer UIN match confirmed; plan name similarity=0.62,possible_duplicate
sha256:cc425ea573bcccb3975ef9d675ea659e22d383fae64707e873c259ca5a4cc337,Reliance_Arogya_Sanjeevani_Policy_Reliance_General.pdf,Reliance,RELHLIP21001V012021,RELHLIP21001,Reliance General Insurance,"Arogya Sanjeevani Policy, Reliance General",verified,high,Insurer UIN match confirmed; plan name similarity=1.00,possible_duplicate
sha256:81fc2579eaacdb060545c6a21d1a887b5f1b145bac3038dbe1a7c4d024c9b5f9,Reliance_HealthWise_PW.pdf,Reliance,RELHLIP22185V042122,RELHLIP22185,Reliance General Insurance,Reliance HealthWise Policy,verified,high,Insurer UIN match confirmed; plan name similarity=0.62,possible_duplicate
sha256:4b267dc869ff83f35e3a8ba9fe7b0958cf44c86a9cbedcbec3f8f7c999fc7176,Reliance_Health_Gain_PW.pdf,Reliance,RELHLIP22229V032122,RELHLIP22229,Reliance General Insurance,Reliance Health Gain Policy,verified,high,Insurer UIN match confirmed; plan name similarity=0.63,possible_duplicate
sha256:4d2604a3c3a7a4ea5a9e26e4e0675a57184076c9af557df4975bc94374d98289,Reliance_Health_Infinity_PW.pdf,Reliance,RELHLIP21521V032021,RELHLIP21521,Reliance General Insurance,Reliance Health Infinity Insurance,verified,high,Insurer UIN match confirmed; plan name similarity=0.62,possible_duplicate
sha256:d55f8e824cedef3ddafa7f5ecda181fd649ea235d1990816af89973b0787d073,Reliance_Health_Super_Top_Up_PW.pdf,Reliance,RELHLIP21617V012021,RELHLIP21617,Reliance General Insurance,Reliance Health Super Top Up,verified,high,Insurer UIN match confirmed; plan name similarity=0.76,possible_duplicate
sha256:03496dd81fdae8b67af074c38a9012309b3843c316c47452773be4895ffb031f,Reliance_Hospi_Care_PW.pdf,Reliance,RELHLIP20027V012021,RELHLIP20027,Reliance General Insurance,Reliance Hospi Care Insurance,verified,high,Insurer UIN match confirmed; plan name similarity=0.52,possible_duplicate
sha256:81fc2579eaacdb060545c6a21d1a887b5f1b145bac3038dbe1a7c4d024c9b5f9,Reliance_Reliance_HealthWise_Policy.pdf,Reliance,RELHLIP22185V042122,RELHLIP22185,Reliance General Insurance,Reliance HealthWise Policy,verified,high,Insurer UIN match confirmed; plan name similarity=0.84,possible_duplicate
sha256:4b267dc869ff83f35e3a8ba9fe7b0958cf44c86a9cbedcbec3f8f7c999fc7176,Reliance_Reliance_Health_Gain_Policy.pdf,Reliance,RELHLIP22229V032122,RELHLIP22229,Reliance General Insurance,Reliance Health Gain Policy,verified,high,Insurer UIN match confirmed; plan name similarity=0.85,possible_duplicate
sha256:4d2604a3c3a7a4ea5a9e26e4e0675a57184076c9af557df4975bc94374d98289,Reliance_Reliance_Health_Infinity_Insurance.pdf,Reliance,RELHLIP21521V032021,RELHLIP21521,Reliance General Insurance,Reliance Health Infinity Insurance,verified,high,Insurer UIN match confirmed; plan name similarity=1.00,possible_duplicate
sha256:d55f8e824cedef3ddafa7f5ecda181fd649ea235d1990816af89973b0787d073,Reliance_Reliance_Health_Super_Top_Up.pdf,Reliance,RELHLIP21617V012021,RELHLIP21617,Reliance General Insurance,Reliance Health Super Top Up,verified,high,Insurer UIN match confirmed; plan name similarity=1.00,possible_duplicate
sha256:03496dd81fdae8b67af074c38a9012309b3843c316c47452773be4895ffb031f,Reliance_Reliance_Hospi_Care_Insurance.pdf,Reliance,RELHLIP20027V012021,RELHLIP20027,Reliance General Insurance,Reliance Hospi Care Insurance,verified,high,Insurer UIN match confirmed; plan name similarity=1.00,possible_duplicate
sha256:df66cd0e8ad43d5d61792ba1233b59420d8aad16631b8496620acb5b8258f420,Liberty_02c526cb-d2a3-3706-729e-cc645ca06934.pdf,Liberty,LIBHLGP21498V022021,LIBHLGP21498,Liberty General Insurance,Liberty Group Health Policy,verified,medium,Insurer UIN match confirmed; plan name similarity=0.03,possible_duplicate
sha256:89b974488e3b02e066da349cdb9e8b9ebd986db78ba92858c0982c6d3e4715f9,Liberty_7ffca177-f197-0cff-3092-7b108d37ce7b.pdf,Liberty,LIBHLIP21503V022021,LIBHLIP21503,Liberty General Insurance,Secure Health Connect,verified,medium,Insurer UIN match confirmed; plan name similarity=0.18,possible_duplicate
sha256:e28a3b3c41d8426f623d7d2202b1a12b4cbb69ad678219f7800834eacf6bf2b3,Liberty_HealthPrime_Connect.pdf,Liberty,LIBHLIP21505V022021,LIBHLIP21505,Liberty General Insurance,HealthPrime Connect,verified,high,Insurer UIN match confirmed; plan name similarity=1.00,possible_duplicate
sha256:df66cd0e8ad43d5d61792ba1233b59420d8aad16631b8496620acb5b8258f420,Liberty_Liberty_Group_Health_Policy.pdf,Liberty,LIBHLGP21498V022021,LIBHLGP21498,Liberty General Insurance,Liberty Group Health Policy,verified,high,Insurer UIN match confirmed; plan name similarity=0.85,possible_duplicate
sha256:89b974488e3b02e066da349cdb9e8b9ebd986db78ba92858c0982c6d3e4715f9,Liberty_Secure_Health_Connect.pdf,Liberty,LIBHLIP21503V022021,LIBHLIP21503,Liberty General Insurance,Secure Health Connect,verified,high,Insurer UIN match confirmed; plan name similarity=1.00,possible_duplicate
sha256:e28a3b3c41d8426f623d7d2202b1a12b4cbb69ad678219f7800834eacf6bf2b3,Liberty_a23f5178-b400-2745-e7bd-837d94487d76.pdf,Liberty,LIBHLIP21505V022021,LIBHLIP21505,Liberty General Insurance,HealthPrime Connect,verified,medium,Insurer UIN match confirmed; plan name similarity=0.11,possible_duplicate
sha256:08cc8877a90d9674052fbaaa7f49ef45bc7207a93cc19cefc9edeaff72c3542f,Edelweiss_Well_Baby_Well_Mother_Addon_PW.pdf,Edelweiss,EDLHLGP21462V032021,EDLHLGP21462,Edelweiss General Insurance,Edelweiss Group Health Insurance Policy,verified,medium,Insurer UIN match confirmed; plan name similarity=0.23,document_type_brochure
sha256:418c3fcdc298fe7430859c48cc19b6f0fa0b48673b85ac74fa4c504c6692f915,NivaBupa_Health_Recharge_Prospectus.pdf,non_policy_wordings,NBHHLIP22156V032122,NBHHLIP22156,Niva Bupa,Health Recharge,special_case,low,Document in _non_policy_wordings folder; UIN belongs to Niva Bupa/Health Recharge,document_type_brochure
